{
  "model_type": "Logistic Regression",
  "test_accuracy": 0.768,
  "auc_score": 0.8629826956455204,
  "avg_inference_ms": 0.17138361930847168,
  "model_size_mb": 0.0010786056518554688,
  "meets_speed_requirement": true
}